area,feature,score_out_of_10,assessment
"Ownership, permissions, persistence and recovery",Managed network spec and boot restoration,7,"Deterministic link/rule/shaping/nft/sysctl renders and ordered systemd restore. Add generations, recovery journal and verified last-boot results; multi-file persistence is not crash-atomic."
"Ownership, permissions, persistence and recovery",Synchronous rollback/canceled-request recovery,8,"Snapshots old files, writes spec last, uses an independent bounded context and terminates host-command descendants. Collect and expose every failed undo step."
"Ownership, permissions, persistence and recovery",Operator/client-path protection,8,"Kernel reply-path checks, ordinary/Tailscale-marked/IPv6 anchors and recognizable SSH loopback-tunnel attribution. Add independent timed confirmation and application/transport verification."
"Ownership, permissions, persistence and recovery",Resource ownership/dependency protection,9,"Managed/kernel/provider/Docker/Tailscale distinction; protected parents, bridges, addresses, peers and dependent rules. Add observed-state drift and adoption plans."
"Ownership, permissions, persistence and recovery","Backend capabilities, destructive gates, audit and secrets",9,"Admin mutation gates, restricted VPN/process data and diagnostics, audited no-store secret exports. Extend role precision without weakening backend authorization."
"Ownership, permissions, persistence and recovery",Host capability/package detection,7,"Tool/package hints, systemd reachability and IPv6 state. Add functional feature probes and kernel/NIC/provider constraints beside each operation."
Overview and topology,Network identity and current path,8,"Addresses, uplink, gateway, client path and persistence context. Show both forwarding families and distinguish NIC source from provider public/NAT identity."
Overview and topology,Host/Docker/tunnel topology,8,Clickable owned-resource diagram and live traffic wires. Add flow-backed edges and effective paths; this is not external-switch discovery.
Overview and topology,Live upload/download totals and trends,8,Two-second figures and fifteen-minute ring. Expose observation age and drill from a chart into its underlying resource.
Overview and topology,Network attention findings and handoffs,8,Actionable destinations for local issues and capacity. Add incident history/correlation and distinguish partial failed observations from absence.
Overview and topology,Retained-data warning and retry,8,Main page reads preserve data with a stale/retry warning. Apply the same contract to subsidiary polls and per-namespace/per-family reads.
Interfaces and namespaces,Rich interface inventory/telemetry,8,"Kind/role/owner, state, addresses, MAC, MTU, parent/master, queue, speed and rates. Add driver/offload/link-error detail where meaningful."
Interfaces and namespaces,Docker bridge/container-veth correlation,8,Engine inventory/PID/iflink joins avoid repeated inspection subprocesses. Explicitly flag incomplete/unreadable Docker joins.
Interfaces and namespaces,Bridge creation and membership,8,"Persistent owned bridges, STP and guarded membership. Add VLAN filtering/FDB/snooping and combined migration previews."
Interfaces and namespaces,VLAN creation,8,Parent/ID/name/address validation and persistence. Add manager-backed profiles and tagged/untagged policy workflow.
Interfaces and namespaces,VXLAN creation,7,"VNI, endpoints/parent/group/UDP configuration with validation. Multicast group configuration is API-only. Add underlay readiness, FDB/remote-set management and later EVPN."
Interfaces and namespaces,GRE/GRETAP and IPv6 GRE/GRETAP,7,"Real typed family/endpoint creation, key/TTL support in API and persistence. Add missing advanced UI fields and endpoint/liveness checks; these tunnels are not encrypted."
Interfaces and namespaces,Dummy interfaces,8,"Typed creation, addressing, state and owned removal. Join them into routing/service recipes rather than adding unrelated complexity."
Interfaces and namespaces,Macvlan modes,7,"Bridge/private/vepa/passthru, including guarded passthru. Explain host isolation and provider MAC restrictions; verify supported connectivity."
Interfaces and namespaces,Veth pairs into managed namespaces,8,"Validated names/namespace ownership, peer lifecycle and dependency checks. Add namespace-specific inspection and target handoffs."
Interfaces and namespaces,"Device up/down, MTU and bridge edits",7,Strong path/address/parent guards; foreign-object edits report runtime-only persistence. Add native owner profile editing and independent recovery.
Interfaces and namespaces,IPv4/IPv6 address addition/removal,8,"Managed ownership, address validation and client-source protection. No complete DHCP/SLAAC/static-uplink provisioning transaction."
Interfaces and namespaces,Named/container namespace inventory/lifecycle,7,Create/remove and bounded container reads with partial-failure recovery. Expose per-item failures and add namespace routes/DNS/tools rather than showing failed reads as empty.
Routing and forwarding,All-table IPv4/IPv6 route inventory,8,"Table names, owners, metrics, preferred sources and multipath inspection; local table is counted separately. Add event/history and target filtering."
Routing and forwarding,Managed unicast routes,8,Persistent family/table/device/gateway/source/metric validation and guarded apply. Managed routes have one next hop; add ECMP and edit plans later.
Routing and forwarding,Blackhole/unreachable/prohibit routes,8,Typed discard routes and guarded deletion. Preview the destinations/services affected before applying.
Routing and forwarding,IPv4/IPv6 policy rules,8,"Prefix/interface/mark selectors, lookup/discard, family-aware add/delete/rollback/boot. Add effective-match preview and supported UID/TOS/goto/VRF extensions."
Routing and forwarding,Priority allocation/protected tables,9,Checks live and owned priorities; reserved managed range and kernel/Tailscale table protections. Keep this safety when adding richer rules.
Routing and forwarding,Post-change route validation,8,"Reply, source-selected reply and internet-anchor checks with rollback. Finite anchors do not prove every app or hostname/roaming VPN endpoint."
Routing and forwarding,IPv4/IPv6 forwarding controls,8,"Docker/NAT/VPN dependencies, fail-closed unreadable inventory, RA and protection-reset handling. Explain conservative Docker IPv4 counts and add measured forwarding health."
Routing and forwarding,FRR BGP summary/peers (inspection),7,"Family/state/prefix/message/uptime parsing, including older output. No BGP policy configuration, route browser, OSPF or dynamic failover controller."
Routing and forwarding,Routing decision diagram,5,Omits IPv6 policy rules and infers the highlighted client rule. This limits the visualization; backend IPv6 policy rules are implemented.
Host firewall,UFW/firewalld detection and capability-aware inspection,7,"Editable features and read-only reasons are explicit. Select by actual owner/activity as well as binary presence, and inspect effective interface zones."
Host firewall,Firewall rule add/edit/delete and placement,8,"Protocol/source/ports, profiles, comments and ordered UFW placement with guards; destination-address matching is API-only. Add grouped plans, shadowing analysis and stable rule identity."
Host firewall,Firewall enable/disable,7,Existing service-aware control and destructive gating. Add staged verification and timed recovery for loss of access.
Host firewall,Inbound/outbound/routed defaults,7,UI exposes inbound and UFW outbound defaults; routed defaults use the supported backend API. Show effective per-interface/per-family policy and preserved access.
Host firewall,Logging/reset and inbound diagram,7,"Capability-aware logging/reset, summaries and interpretable logs. Add per-rule history; firewalld lacks the UFW-style reset operation."
Host firewall,Raw iptables (inspection),6,Deliberately read-only without a supported persistent manager. Add a scoped native nftables owner adapter; do not silently take over unrelated rules.
"Gateway, port forwarding and NAT",TCP/UDP/both DNAT forwards,8,"Port/range, IPv4/IPv6 target, arrival interface and local-destination match. Verify from an external source; no health-driven target failover."
"Gateway, port forwarding and NAT",Masquerade/fixed-address SNAT,8,Source-network/outgoing-device translation and tunnel-owned exits. No one-to-one NAT/NPTv6 or advanced translation-policy workflow.
"Gateway, port forwarding and NAT",Forward source restrictions and enable/disable/edit/delete,8,Validated ranges and owned lifecycle; managed VPN entries have proper handoffs. Add overlap/conflict and impact preview.
"Gateway, port forwarding and NAT",Automatic forward source-NAT decision,7,"Uses the host's routing to choose and saves a deterministic choice. Reevaluate drift caused by external topology changes, not only gateway edits."
"Gateway, port forwarding and NAT",Admission through UFW/Docker and foreign conflict checks,7,"Reserved connmark admission, Tailscale mark separation, boot/mutation reassertion and known incompatibility refusal. Add supported explicit-rule inspection and per-layer uncertainty."
"Gateway, port forwarding and NAT",Per-forward/NAT counters,6,Expanded rules aggregate by comment. Table replacement resets counts; persist deltas or stable counters and label generation/time.
"Gateway, port forwarding and NAT",Loaded/admission/forwarding readiness,6,Table presence plus basic admission/forwarding facts. Verify all required families/chains and distinguish policy installed from reachable.
"Protection, blocklists and kernel settings","New-flow packet-rate limits, globally or per source",8,Protocol/rate/interval/burst/drop-or-reject and source meters match packets in conntrack's new state; established flows bypass them. Add saturation/impact graphs and service profiles.
"Protection, blocklists and kernel settings",Per-source maximum concurrent connections,7,"Stateful source-keyed ceilings with translated-flow scoping. Packet-rate limits can be global or per-source, but the concurrent-connection ceiling is always per-source. Add capacity/impact evidence and an explicit global ceiling if needed."
"Protection, blocklists and kernel settings",Manual IP/CIDR blocklists,9,"Validated merged bounded sets, protected operator and persistence. Add change-impact preview and expiring scoped exceptions."
"Protection, blocklists and kernel settings",IPv4/IPv6 country blocking,7,"Aggregated feeds, status/counters and trusted bypass. Explain approximate geography, provenance and collateral impact."
"Protection, blocklists and kernel settings",Spamhaus/FireHOL/custom HTTPS feeds,8,"Bounded secure fetch/redirect handling, reserved-range exclusions and overbroad-feed guards. Add feed diffs and adjustable/signed refresh where supported."
"Protection, blocklists and kernel settings",Feed cache/refresh lifecycle,6,Last-good cache and stale-fetch concurrency protection; daily refresh needs JD runtime. Actual missing-cache health can disagree with saved count/error.
"Protection, blocklists and kernel settings",Trusted operator/network exceptions,8,"Loopback, bounded allowlist networks and saved operator addresses precede drops. Add owner/reason/expiry and revalidation of accumulated addresses."
"Protection, blocklists and kernel settings",Established-session protection,8,Established/related return avoids cutting current sessions/outbound replies when lists change. Add separate explicit session-revocation workflow; blocking a new connection does not terminate an existing one.
"Protection, blocklists and kernel settings",Fifteen bounded kernel protections,8,"Closed settings, recommendations, bounds, readback, persistence and weakening gates; loose reverse-path filtering respects tunnels. Show per-interface effective values and workload profiles."
"Protection, blocklists and kernel settings",Conntrack occupancy,7,"Count/max and local warning thresholds. Add time series, flow-state/source breakdown and evidence for the cause of pressure."
VPN and mesh networks,WireGuard inventory/handshakes/transfers,8,"Live/config join, down configured tunnels and foreign read-only ownership, no inventory secrets. Add trends, stale-handshake alerts and endpoint history."
VPN and mesh networks,One-step WireGuard server creation,8,"Free name/UDP port/subnet, overlap validation, key/config/service creation and firewall outcome. Add dual-stack allocation, provider-public-endpoint evidence and advanced UI settings."
VPN and mesh networks,"Key generation, sealed client config, QR/copy/download",9,"Go keys/PSKs, sealed saved configs, restricted audited exports and correctly scaled QR. Add rotation/one-time expiring enrollment; forgetting a saved config is not revoking its peer."
VPN and mesh networks,Device peers and split/full client configuration,8,"Address allocation, networks/keepalive, live sync and saved export. Add peer editing, expiry, groups and quotas."
VPN and mesh networks,Site-to-site peers and remote routes,7,Overlap/operator/literal endpoint guards and route cleanup. Add continuous protection for hostname/roaming transports and coordinated remote-site verification.
VPN and mesh networks,WireGuard internet exit,6,Owned IPv4 NAT/forwarding integration. Managed addressing and egress remain IPv4; add IPv6 egress and leak acceptance.
VPN and mesh networks,Full-tunnel IPv6 containment,7,"Captures `::/0` and explains IPv4-only service to avoid native-path leaks. This is containment, not IPv6 internet access or a client kill switch."
VPN and mesh networks,Tunnel up/down/removal and archive preservation,7,"Guarded lifecycle, archived server configuration and reported firewall cleanup. Add restore-from-archive and durable lifecycle/recovery history."
VPN and mesh networks,Tailscale self/peers/exit/subnet offers,7,Direct/DERP/health view and narrowly scoped locked advertisements. Policy/route approval remains external; failed frontend route submission loses its draft.
VPN and mesh networks,Headscale users/nodes (inspection),6,"Native/container detection; API exposes users/nodes, while UI shows node status/address/user. No enrollment, key, route-approval, user-lifecycle or policy-management workflow."
DNS and resolver configuration,Host resolver/resolv.conf/port-53 chain,8,Writer/symlink/global/per-link/listener/service inspection. Add a cross-distribution owner adapter rather than treating resolved as universal.
DNS and resolver configuration,resolved per-link/scopes/statistics (inspection),7,Servers/domains/cache/DNSSEC/DoT visibility. Writes remain global; add supported per-link split-DNS profiles via the native owner.
DNS and resolver configuration,Presets/custom upstreams/fallback/domains/cache,8,"Six presets, ports/scoped IPv6/TLS names and managed drop-in semantics. Empty lists inherit global defaults rather than explicitly clearing them."
DNS and resolver configuration,Host DNS-over-TLS setting,7,Validated resolved mode and TLS names. Add actual transport/trust/fallback verification; no managed DoH/DoQ server is supplied.
DNS and resolver configuration,Host DNSSEC mode/statistics,7,Configuration/support/result counters. Direct comparisons do not cryptographically validate signatures; add trust-chain diagnostic evidence.
DNS and resolver configuration,Resolver apply/reset/private-name verification/recovery,8,"Readable baseline, restart, A-or-AAAA/private verification and reported undo failure. One verified name cannot establish every relevant DNS scope; show the verification plan/results."
DNS and resolver configuration,Managed hosts-file IPv4/IPv6/alias records,9,"Marked ownership, foreign byte/mode/symlink preservation and malformed-marker refusal. Add duplicate/conflict preview and local-resolution evidence."
DNS and resolver configuration,Multi-resolver answer/latency comparison,6,"Eight record types, response/question/chain checks, truncated-UDP TCP retry, public preset opt-in and bounded fan-out. Add split-DNS-safe default, encrypted transport/DNSSEC tests and explicit target omissions."
DNS and resolver configuration,AdGuard Home/Pi-hole detection and handoff,5,Discovers existing native/container services and management ports. Thin integration: no native query/filter/client/DHCP management or DNS-service provisioner.
"Traffic, bandwidth and shaping",Two-second live per-interface traffic,8,Counter/reset handling and fifteen-minute ring. Add richer packet/latency/retransmit context and clear observation age.
"Traffic, bandwidth and shaping",Retained interface mean/peak/errors/drops history,8,"SQL buckets, bounded windows/points and retention-disabled handling. Add custom-range UI, quotas, percentiles and incident annotations."
"Traffic, bandwidth and shaping",Container network history,8,Differences recorded Docker counters; avoids retaining duplicate host veth series. Add all-container drill-down and service/flow/peer attribution.
"Traffic, bandwidth and shaping",Per-program TCP traffic/peers,6,Bounded cached ss deltas and explicit warm-up. Misses UDP/QUIC and short-lived sockets between polls; no complete historical process accounting.
"Traffic, bandwidth and shaping",fq_codel/CAKE/fq selection and queue stats,7,Useful native queue choices and dashboard-owned rollback. Verify effective parameters and preserve/refuse unknown foreign trees.
"Traffic, bandwidth and shaping",Upload rate limits,7,"CAKE bandwidth or HTB/fair leaf and protected-path minimum. Add traffic classes, DSCP/overhead profiles and measured latency benefit."
"Traffic, bandwidth and shaping",Download rate limits,5,Ingress policing with clsact protection. It drops traffic; add managed IFB queueing for download SQM/fairness.
"Traffic, bandwidth and shaping",BBR setting and supported-algorithm readback,7,Applies congestion control/default qdisc and reports support. Add workload comparison; flipping BBR is not proof of improved performance.
"Traffic, bandwidth and shaping",Existing eBPF/XDP/tc programs (inspection),7,"Inventory and attachments, not a loaded flow observer. Add useful detail UI and an optional budgeted telemetry adapter."
Connections and shared operator workflows,TCP/connected-UDP peer summaries,8,"Remote-address summaries with local ports, processes and socket/established counts. Full protocol/remote-port/individual-state detail is discarded by aggregation; unconnected UDP is excluded. Add full tuples, duration/bytes/close events and quality limits."
Connections and shared operator workflows,Connection graph/search/filters/held updates,8,Shareable filtering and stable rows while new data arrives. Add historical flow selection and cross-layer evidence.
Connections and shared operator workflows,Block a remote address from its connection,7,Delegates to guarded persistent firewall rules. Add expiry/reason and an incident handoff rather than only a permanent deny.
Connections and shared operator workflows,Network package-install handoffs,8,Shared streamed jobs and refresh after installation. Follow installation with explicit configured/active/verified status; a package is not a working service.
"Diagnostics: all 26 server tools, plus the local subnet calculator",DNS lookup,7,Host-resolver record lookup; add resolver/transport provenance and distinguish hosts/NSS from wire answers.
"Diagnostics: all 26 server tools, plus the local subnet calculator",DNS authority,6,"Nameserver ownership and addresses; add delegation, glue and consistency checks across authoritative servers."
"Diagnostics: all 26 server tools, plus the local subnet calculator",Ping,7,Bounded ICMP echo; add structured loss/jitter history and explain filtered ICMP without declaring the service down.
"Diagnostics: all 26 server tools, plus the local subnet calculator",Traceroute,7,Bounded hops with tracepath fallback and IPv6 literal support; add hop tables and comparisons over time.
"Diagnostics: all 26 server tools, plus the local subnet calculator",Route lookup,8,"Kernel route/interface/source/gateway selection without sending packets; join it to policy, NAT and effective firewall decisions."
"Diagnostics: all 26 server tools, plus the local subnet calculator",Path MTU,7,Bounded tracepath; add a structured result with discovered MTU versus unknown/filtered outcomes.
"Diagnostics: all 26 server tools, plus the local subnet calculator",TCP port check,8,Connect to one port and report duration/failure; correlate the answer with local listener ownership and firewall evidence.
"Diagnostics: all 26 server tools, plus the local subnet calculator",TCP common-port scan,6,Bounded catalogue scan; expose exact coverage and structured results. No UDP or full-port scanner is shipped.
"Diagnostics: all 26 server tools, plus the local subnet calculator",Banner grab,6,Bounded greeting; add protocol-aware parsing and clearly label identification confidence.
"Diagnostics: all 26 server tools, plus the local subnet calculator",SSH host keys,7,Host keys/fingerprints; add comparison with a saved trusted fingerprint. Reading a key alone does not authenticate it.
"Diagnostics: all 26 server tools, plus the local subnet calculator",HTTP inspection,7,"Status, redirects and selected headers; separate transport trust from successful HTTP response and show request timing stages."
"Diagnostics: all 26 server tools, plus the local subnet calculator",HTTP security-header grade,6,Browser security-header presence/grade; make advice application-aware rather than implying every header fits every service.
"Diagnostics: all 26 server tools, plus the local subnet calculator",TLS certificate,8,"Chain, names, expiry, negotiation and trust verdict; improve structured chain presentation and saved comparisons."
"Diagnostics: all 26 server tools, plus the local subnet calculator",TLS version survey,7,Probe supported protocol versions; distinguish protocol rejection from network failure and link the deeper Proxy TLS tooling.
"Diagnostics: all 26 server tools, plus the local subnet calculator",Combined site audit,7,"HTTP, certificate and header inspection together; turn findings into owner-specific actions and save the report."
"Diagnostics: all 26 server tools, plus the local subnet calculator",Mail path,7,MX/SPF/DMARC and SMTP reachability; show per-stage results and keep deliverability claims within the evidence.
"Diagnostics: all 26 server tools, plus the local subnet calculator",STARTTLS,7,SMTP/IMAP/POP3/FTP upgrades and certificate inspection; add protocol-specific failure stages.
"Diagnostics: all 26 server tools, plus the local subnet calculator",DNS blocklist reputation,6,Query supported reputation lists; show query failures separately from “not listed” and retain evidence/time.
"Diagnostics: all 26 server tools, plus the local subnet calculator",ASN/prefix ownership,7,"Registry, autonomous system, prefix and country information; label the lookup source and geography uncertainty."
"Diagnostics: all 26 server tools, plus the local subnet calculator",Whois,6,Registration information; normalize results and distinguish lookup failure from absent/redacted registry data.
"Diagnostics: all 26 server tools, plus the local subnet calculator",TCP/UDP listeners,8,Listening addresses and processes via host tools; link directly to the richer Ports ownership and exposure views.
"Diagnostics: all 26 server tools, plus the local subnet calculator",IPv4/IPv6 egress inspection,8,"Independent kernel routes/source/defaults, including IPv6-only hosts; selected source is not proof of the provider-NAT public IP."
"Diagnostics: all 26 server tools, plus the local subnet calculator",ARP/NDP neighbours,7,Existing neighbour cache; add cache state/interface explanation. This is not active subnet discovery.
"Diagnostics: all 26 server tools, plus the local subnet calculator",Host networking support,7,"Tool/package hints, service-manager and IPv6 state; add capability probes beyond binary existence."
"Diagnostics: all 26 server tools, plus the local subnet calculator",Packet snapshot,6,"Fixed-argument summaries on one interface/protocol, up to 50 packets/15 s; add bounded capture jobs and PCAP artifacts. Decoded fields can contain sensitive data."
"Diagnostics: all 26 server tools, plus the local subnet calculator",Wake-on-LAN,7,Send one magic Ethernet frame on a selected local broadcast interface; add saved devices and optional measured wake verification. Sending is not proof of waking.
"Diagnostics: all 26 server tools, plus the local subnet calculator",Local IPv4/IPv6 subnet calculator,8,"Exact browser-side arithmetic, including large IPv6 prefixes; add IPAM/overlap workflow and let appropriate read users use it. It is currently inside an admin-gated page."
Networking capabilities elsewhere in the dashboard,Docker network inventory/detail/topology,8,"Networks, members and properties from the Engine; preserve Docker ownership and distinguish a failed candidate read from an empty list."
Networking capabilities elsewhere in the dashboard,Docker network creation,7,"API supports driver, subnet/gateway/range, internal/attachable/IPv6/options/labels. UI creation exposes name/internal/subnet only; surface a safe advanced editor."
Networking capabilities elsewhere in the dashboard,Docker attachment/disconnection,7,Attach containers with aliases; disconnect with guards. Add conflict previews and retain failed-read/draft context.
Networking capabilities elsewhere in the dashboard,Docker network deletion/pruning,8,Existing destructive lifecycle and system-network protections; add a dependency preview for affected deployments and connectivity.
Networking capabilities elsewhere in the dashboard,Container port publishing,7,Real bindings and exposure controls; join Docker's NAT path to UFW/gateway/provider policy in one investigator.
Networking capabilities elsewhere in the dashboard,HTTP/WebSocket reverse proxies and path routing,8,"Native nginx sites, validation and ownership-aware deployment handoffs; improve proof that a successful reload actually loaded the candidate."
Networking capabilities elsewhere in the dashboard,Upstream pools/load balancing,7,Existing proxy upstream pools; expand network-level outcome visibility and distinguish native proxy balancing from provider-managed HA.
Networking capabilities elsewhere in the dashboard,TCP/UDP stream proxies,7,"Native nginx streams already have an owner; join stream configuration, listeners and connection evidence into Network."
Networking capabilities elsewhere in the dashboard,Proxy access lists/authentication/SSO,7,Access controls belong to the Proxy owner; provide cross-layer effective-access explanations.
Networking capabilities elsewhere in the dashboard,"Proxy rate limits, caching and HTTP/2–HTTP/3 controls",7,"Existing application-layer controls, subject to native engine support; reuse them in service policies and verify their measured effect."
Networking capabilities elsewhere in the dashboard,"Certificates, ACME and renewal",8,"Issuance, DNS challenges, inventory, renewal/trust diagnostics and private certificate tooling; link network failures to the precise issuance stage/owner."
Networking capabilities elsewhere in the dashboard,Endpoint/TLS watches and proxy traffic/logs,8,Existing recurring observations and request/error evidence; reuse this machinery for network probes instead of creating a second generic monitor.
Networking capabilities elsewhere in the dashboard,"Port inventory, ownership, exposure and history",8,"TCP/UDP, socket activation, Docker publications/NAT-only rows, firewall verdicts, owner actions and recording; add external-vantage proof of reachability."
Networking capabilities elsewhere in the dashboard,Free-port selection and service identification,8,Bounded allocation and local-listener identification; include provider reservations and future policy conflicts where adapters supply them.
Networking capabilities elsewhere in the dashboard,Host exposure and security posture,8,"Allowlist, interface/binding and firewall evidence; explicitly mark unseen provider policy and complex foreign nftables decisions as unknown."
Networking capabilities elsewhere in the dashboard,SSH configuration and sessions,8,"Effective settings, staged guarded apply, keys, jump-host profile and session handling; connect these to network confirmed-apply and recovery."
Networking capabilities elsewhere in the dashboard,Fail2ban,8,"Jails, persistent tuning, bans/unbans, allowlists and history; add policy explanation and cross-engine deduplication."
Networking capabilities elsewhere in the dashboard,CrowdSec,7,"Existing decisions, alerts, bouncers and guarded ban/release; verify that an enforcing bouncer is actually active before claiming protection."
Networking capabilities elsewhere in the dashboard,Suricata,6,"IDS/IPS configuration-derived state, bounded alerts and rule counts; no full installation/interface/rule-update/inline-policy management workflow."
Networking capabilities elsewhere in the dashboard,Network metrics and host-health findings,8,"Historical interface/container counters and windowed host loss/error findings; add latency, retransmits, connection failures and probe correlation."
Networking capabilities elsewhere in the dashboard,"Dashboard ingress, allowlist and private previews",8,"Caddy ingress, pre-auth allowlist, tailnet/SSH access and isolated deployment preview boundaries; preserve them in every proposed network change."
